id	juris	kind	verified	cite	title	url
cfr-922-163	federal	cfr	verbatim	15 C.F.R. § 922.163(a)(12)	FKNMS: sanctuary-wide prohibitions	https://www.ecfr.gov/current/title-15/section-922.163
cfr-922-164-b1	federal	cfr	verbatim	15 C.F.R. § 922.164(b)(1)(iv)	FKNMS: Key Largo & Looe Key Existing Management Areas	https://www.ecfr.gov/current/title-15/section-922.164
cfr-922-164-d	federal	cfr	verbatim	15 C.F.R. § 922.164(d)(1)(iii)	FKNMS: Sanctuary Preservation Areas & Ecological Reserves	https://www.ecfr.gov/current/title-15/section-922.164
cfr-922-164-c	federal	cfr	verbatim	15 C.F.R. § 922.164(c)	FKNMS: Wildlife Management Areas	https://www.ecfr.gov/current/title-15/section-922.164
cfr-622-410	federal	cfr	verbatim	50 C.F.R. § 622.410	Tortugas marine reserves	https://www.ecfr.gov/current/title-50/section-622.410
cfr-622-183	federal	cfr	verbatim	50 C.F.R. § 622.183(a)(1)(i)	South Atlantic deepwater MPAs	https://www.ecfr.gov/current/title-50/section-622.183
cfr-622-34	federal	cfr	verbatim	50 C.F.R. § 622.34(a)(1) to (a)(3)	Gulf reef fish reserves: Madison-Swanson, Steamboat Lumps, The Edges	https://www.ecfr.gov/current/title-50/section-622.34
cfr-622-224	federal	cfr	verbatim	50 C.F.R. § 622.224(b)(1), (c)	Oculina Bank HAPC and Deepwater Coral HAPCs	https://www.ecfr.gov/current/title-50/section-622.224
cfr-36-2-3	federal	cfr	verbatim	36 C.F.R. § 2.3(e)	National Park Service: fishing baseline	https://www.ecfr.gov/current/title-36/section-2.3
cfr-36-7-27	federal	cfr	verbatim	36 C.F.R. § 7.27(b)(2), (b)(4)(ii)	Dry Tortugas National Park	https://www.ecfr.gov/current/title-36/section-7.27
cfr-36-7-45	federal	cfr	verbatim	36 C.F.R. § 7.45(d)(5), (d)(6)	Everglades National Park	https://www.ecfr.gov/current/title-36/section-7.45
bnp-status	federal	cfr	secondary	36 C.F.R. pt. 7 (no BNP section); Fla. Admin. Code ch. 68B-7	Biscayne National Park: no park-wide spearfishing ban; closures at Legare Anchorage, the bonefish area, marked channels and harbors	https://www.nps.gov/bisc/planyourvisit/fishing.htm
cfr-50-17-108	federal	cfr	verbatim	50 C.F.R. § 17.108(c)(14)(ii)(A)	Kings Bay Manatee Refuge: Three Sisters Springs area	https://www.ecfr.gov/current/title-50/section-17.108
cfr-50-32-28	federal	cfr	verbatim	50 C.F.R. § 32.28(p)(4)(iii)	Ten Thousand Islands NWR: no gigs or spears in the freshwater and brackish marsh	https://www.ecfr.gov/current/title-50/section-32.28
cfr-33-165-760	federal	cfr	verbatim	33 C.F.R. §§ 165.759 to .761, .785	Coast Guard security zones	https://www.ecfr.gov/current/title-33/part-165/subpart-F
cfr-33-334	federal	cfr	verbatim	33 C.F.R. pt. 334	Military danger zones and restricted areas	https://www.ecfr.gov/current/title-33/part-334
fs-379-2425	state	statute	verbatim	Fla. Stat. § 379.2425	Spearfishing: statutory closures	http://www.leg.state.fl.us/statutes/index.cfm?App_mode=Display_Statute&URL=0300-0399/0379/Sections/0379.2425.html
fac-68b-20-002	state	rule	verbatim	Fla. Admin. Code r. 68B-20.002	Definitions: spearing, spearfishing, gigging, bow hunting	http://flrules.elaws.us/fac/68B-20.002
fac-68b-20-003-1	state	rule	verbatim	Fla. Admin. Code r. 68B-20.003(1)	Statewide spearing rule: closures are the exceptions, and Collier County is restored	http://flrules.elaws.us/fac/68B-20.003
fac-68b-20-003-2	state	rule	verbatim	Fla. Admin. Code r. 68B-20.003(2)	The four statewide buffers	http://flrules.elaws.us/fac/68B-20.003
fac-68b-20-003-7	state	rule	verbatim	Fla. Admin. Code rr. 68B-20.003(7), 68B-4.012	Powerheads, bangsticks, rebreathers, freshwater	http://flrules.elaws.us/fac/68B-4.012
fac-68b-20-005	state	rule	verbatim	Fla. Admin. Code r. 68B-20.005	Species that may never be taken by spear	http://flrules.elaws.us/fac/68B-20.005
fac-68b-20-004	state	rule	verbatim	Fla. Admin. Code r. 68B-20.004	Non-native / lionfish tournament exception	https://regulations.justia.com/states/florida/68/68b/chapter-68b-20/section-68b-20-004/
fac-62d-2-014	state	rule	verbatim	Fla. Admin. Code r. 62D-2.014(9)	State parks: spearfishing prohibited in all of them	http://flrules.elaws.us/fac/62D-2.014
fac-68a-19-005	state	rule	verbatim	Fla. Admin. Code r. 68A-19.005(1)(b)	Critical Wildlife Areas	http://flrules.elaws.us/fac/68A-19.005
fac-68b-3-008	state	rule	verbatim	Fla. Admin. Code r. 68B-3.008(3)(a)	Volusia County: inland salt waters	http://flrules.elaws.us/fac/68B-3.008
fac-68b-3-038	state	rule	verbatim	Fla. Admin. Code r. 68B-3.038	Palm Beach County special acts: partial repeal	http://flrules.elaws.us/fac/68B-3.038
pbc-13-55	county	specialact	verbatim	Palm Beach County Code, App. G, ch. 13, art. II, div. 2, §§ 13-54 to 13-59	Palm Beach spearfishing refuge areas (Laws of Fla. chs. 59-1699, 59-1702)	https://library.municode.com/fl/palm_beach_county/codes/code_of_ordinances?nodeId=VOII_APXGLOLA_CH13FI_ARTIISPFI
fs-327-331	state	statute	verbatim	Fla. Stat. § 327.331	Divers-down device	http://www.leg.state.fl.us/statutes/index.cfm?App_mode=Display_Statute&URL=0300-0399/0327/Sections/0327.331.html
fs-316-1305	state	statute	verbatim	Fla. Stat. § 316.1305	Fishing from state road bridges	http://www.leg.state.fl.us/statutes/index.cfm?App_mode=Display_Statute&URL=0300-0399/0316/Sections/0316.1305.html
fs-379-354	state	statute	verbatim	Fla. Stat. §§ 379.354(1), (4)(k), 379.353(2)	Recreational saltwater fishing licence	https://www.flsenate.gov/Laws/Statutes/2026/379.354
fac-68b-14-009	state	rule	verbatim	Fla. Admin. Code r. 68B-14.009 (“Reporting Requirement”)	State Reef Fish Survey: the angler/diver designation	https://www.flrules.org/gateway/ruleNo.asp?id=68B-14.009
fac-68b-42-0036	state	rule	verbatim	Fla. Admin. Code r. 68B-42.0036(3)(a)	Blue Heron Bridge Special Marine Life Area	http://flrules.elaws.us/fac/68B-42.0036
fac-18-20-012	state	rule	verbatim	Fla. Admin. Code r. 18-20.012; Fla. Stat. ch. 258 pt. II	Aquatic preserves: NOT a spearfishing closure	http://flrules.elaws.us/fac/18-20.012
fac-68c-22	state	rule	verbatim	Fla. Admin. Code ch. 68C-22	Manatee protection zones	https://www.flrules.org/gateway/ChapterHome.asp?Chapter=68C-22
fs-267-13	state	statute	verbatim	Fla. Stat. § 267.13	Submerged archaeological sites	http://www.leg.state.fl.us/statutes/index.cfm?App_mode=Display_Statute&URL=0200-0299/0267/Sections/0267.13.html
fs-379-101-33	state	statute	verbatim	Fla. Stat. § 379.101(33); Fla. Admin. Code r. 62-302.200(30)	Fresh water vs. salt water: where the line falls	http://www.leg.state.fl.us/statutes/index.cfm?App_mode=Display_Statute&URL=0300-0399/0379/Sections/0379.101.html
monroe-26-5	county	ordinance	verbatim	Monroe County Code § 26-5	Spearguns: manmade canals	https://library.municode.com/fl/monroe_county/codes/code_of_ordinances?nodeId=CH26WA_ARTIINGE
marathon-canal	city	ordinance	secondary	City of Marathon: section number not located	Marathon speargun ban in manmade canals (superseded entry: see marathon-18-27)	https://www.keyssao.org/192/Prohibited-Areas
spb-54-4	city	ordinance	verbatim	City of St. Pete Beach Code § 54-4	Discharge of spear guns: entire city	https://library.municode.com/fl/st._pete_beach/codes/code_of_ordinances?nodeId=PTIICOOR_CH54MIOF_S54-4DISPGU
spb-94-1	city	ordinance	verbatim	City of St. Pete Beach Code § 94-1	Swimming, skin diving and wading prohibited: Blind Pass	https://library.municode.com/fl/st._pete_beach/codes/code_of_ordinances?nodeId=PTIICOOR_CH94WA
ti-58-34	city	ordinance	verbatim	City of Treasure Island Code § 58-34	Spearfishing prohibited: John's Pass and 1,500 ft either side	https://library.municode.com/fl/treasure_island/codes/code_of_ordinances?nodeId=PTIICOOR_CH58WA_ARTIIBE_S58-34REPEREAC
sarasota-130-33	county	ordinance	verbatim	Sarasota County Code § 130-33(j)	Spearfishing in marked navigable channels	https://library.municode.com/fl/sarasota_county/codes/code_of_ordinances?nodeId=PTIICOOR_CH130WA
kcb-5-11	city	ordinance	secondary	City of Key Colony Beach Code § 5-11	Seasonal diving and snorkeling ban: NOT a spearfishing rule	https://library.municode.com/fl/key_colony_beach/codes/code_of_ordinances?nodeId=PTIICOOR_CH5BOBOTRMAFAWA
layton-50-1	city	ordinance	verbatim	City of Layton Code § 50-1	Lobster & stone crab sanctuary: NOT a spearfishing rule	https://library.municode.com/fl/layton/codes/code_of_ordinances?nodeId=SPAGEOR_CH50WA
fs-790-33	state	statute	verbatim	Fla. Stat. § 790.33; Fla. Stat. § 379.2425(3); Fla. Admin. Code ch. 68B-3	Preemption: can a city regulate spearfishing at all?	https://www.leg.state.fl.us/statutes/index.cfm?App_mode=Display_Statute&URL=0700-0799/0790/Sections/0790.33.html
neg-miamidade	county	negative	verbatim	Miami-Dade County Code ch. 7: NEGATIVE	No Miami or Miami-Dade spearfishing ordinance	https://library.municode.com/fl/miami_-_dade_county/codes/code_of_ordinances
neg-keywest	city	negative	verbatim	City of Key West Code chs. 82, 42, 26: NEGATIVE	No Key West spearfishing ordinance	https://library.municode.com/fl/key_west/codes/code_of_ordinances
neg-misc	city	negative	verbatim	Clearwater ch. 33 · Cape Coral ch. 10 · Indian River County · Fort Lauderdale chs. 8, 16 · Lee County ch. 30 · Escambia ch. 102 · Destin ch. 5: NEGATIVE	Jurisdictions checked with no spearfishing ordinance	https://library.municode.com/fl/
neg-bridgeregister	state	negative	verbatim	Fla. Stat. § 316.1305: NEGATIVE	No statewide register of posted no-fishing bridges	http://www.leg.state.fl.us/statutes/index.cfm?App_mode=Display_Statute&URL=0300-0399/0316/Sections/0316.1305.html
neg-freshsalt	state	negative	verbatim	Fla. Stat. § 379.101(33): NEGATIVE	No per-river fresh/salt boundary list or GIS layer	http://www.leg.state.fl.us/statutes/index.cfm?App_mode=Display_Statute&URL=0300-0399/0379/Sections/0379.101.html
neg-aquatic	state	negative	verbatim	Fla. Admin. Code ch. 18-20: NEGATIVE	Aquatic preserves do not close to spearfishing	http://flrules.elaws.us/fac/18-20.012
cfr-33-165-785	federal	cfr	verbatim	33 C.F.R. § 165.785	Presidential Security Zone, Palm Beach	https://www.ecfr.gov/current/title-33/chapter-I/subchapter-P/part-165/subpart-F/section-165.785
fac-68b-7-008-5	state	rule	secondary	Fla. Admin. Code r. 68B-7.008(5)	Biscayne National Park bonefish seasonal closed area: no fishing of any kind, 1 March to 31 May	https://www.flrules.org/gateway/ruleNo.asp?id=68B-7.008
fac-68b-13-008-1	state	rule	verbatim	Fla. Admin. Code r. 68B-13.008(1)	Stone crab: spears and any puncturing device banned	https://www.flrules.org/gateway/ruleNo.asp?id=68B-13.008
fac-68b-45-004-1	state	rule	verbatim	Fla. Admin. Code r. 68B-45.004(1)	Blue crab: only the listed gear may be used, and a spear is not on the list	https://www.flrules.org/gateway/ruleNo.asp?id=68B-45.004
fac-68b-42-007	state	rule	secondary	Fla. Admin. Code rr. 68B-42.001(2)(bb), (5); 68B-42.007(1), (3)	Marine life fish, including every triggerfish except gray and ocean: spears are not on the gear list	https://www.flrules.org/gateway/ruleNo.asp?id=68B-42.007
neg-uap	state	negative	verbatim	Fla. Admin. Code chs. 1A-31, 1A-32; Fla. Stat. § 267.13 (NEGATIVE)	Underwater Archaeological Preserves: no fishing or spearfishing ban in the preserve rules	https://www.flrules.org/gateway/ChapterHome.asp?Chapter=1A-31
cfr-622-183-a2	federal	cfr	verbatim	50 C.F.R. § 622.183(a)(2)(i), (vi)	Warsaw Hole / 50 Fathom Hole spawning SMZ: no snapper-grouper by any gear, no anchoring	https://www.ecfr.gov/current/title-50/section-622.183
cfr-622-182	federal	cfr	verbatim	50 C.F.R. § 622.182(a)(1)(xix) to (xxi), (a)(2) table 2	Florida artificial-reef SMZs: spearfishing banned at Ft. Pierce Inshore and Key Biscayne AR-H	https://www.ecfr.gov/current/title-50/section-622.182
cfr-622-180-b	federal	cfr	verbatim	50 C.F.R. § 622.180(b)	South Atlantic EEZ: no spearing snapper-grouper while on a rebreather	https://www.ecfr.gov/current/title-50/section-622.180
cfr-622-183-b4	federal	cfr	verbatim	50 C.F.R. § 622.183(b)(4)	Hogfish closed in federal waters off the Keys and east coast, November through April	https://www.ecfr.gov/current/title-50/section-622.183
cfr-622-181-b	federal	cfr	verbatim	50 C.F.R. § 622.181(b)(1), (3), (4)	Goliath, Nassau, speckled hind and warsaw grouper: no harvest in federal waters	https://www.ecfr.gov/current/title-50/section-622.181
cfr-622-188-a4	federal	cfr	verbatim	50 C.F.R. § 622.188(a)(4)	South Atlantic EEZ: descending device must be aboard, spearfishing boats included	https://www.ecfr.gov/current/title-50/section-622.188
cfr-622-224-b2	federal	cfr	verbatim	50 C.F.R. § 622.224(b)(2)	Oculina experimental closed area: no snapper-grouper, spear included	https://www.ecfr.gov/current/title-50/section-622.224
cfr-622-272	federal	cfr	verbatim	50 C.F.R. § 622.272(a)(1)	Dolphin and wahoo: spearfishing, powerheads included, is authorized gear in the Atlantic EEZ	https://www.ecfr.gov/current/title-50/section-622.272
cfr-600-725	federal	cfr	secondary	50 C.F.R. § 600.725(v) (List of Fisheries)	Federal list of authorized gear: spear and powerhead listed for recreational reef fish	https://www.ecfr.gov/current/title-50/section-600.725
cfr-622-375-a	federal	cfr	verbatim	50 C.F.R. § 622.375(a)(1), (b)(3)	King mackerel: spear is not an authorized federal gear (Atlantic south of Cape Lookout, and Gulf)	https://www.ecfr.gov/current/title-50/section-622.375
cfr-622-35-a	federal	cfr	verbatim	50 C.F.R. § 622.35(a)(1); app. B to pt. 622, table 2	Gulf reef fish stressed area: no powerheads (spearguns fine)	https://www.ecfr.gov/current/title-50/section-622.35
cfr-622-74	federal	cfr	verbatim	50 C.F.R. § 622.74(a) to (e)	Gulf coral HAPCs off Florida: NOT a spearfishing rule, but some ban anchoring	https://www.ecfr.gov/current/title-50/section-622.74
cfr-635-21-h	federal	cfr	verbatim	50 C.F.R. §§ 635.21(h), 635.71(b)(30) to (35)	Highly migratory species: spearguns only for yellowfin, bigeye, albacore and skipjack tuna	https://www.ecfr.gov/current/title-50/section-635.21
cfr-622-404-a	federal	cfr	verbatim	50 C.F.R. § 622.404(a)	Spiny lobster: no spears or hooks in federal waters	https://www.ecfr.gov/current/title-50/section-622.404
cfr-50-27-21	federal	cfr	verbatim	50 C.F.R. §§ 27.21, 32.7(i); § 26.21(a)	Refuges not listed in part 32 are closed to fishing, including spearfishing	https://www.ecfr.gov/current/title-50/section-27.21
cfr-50-32-28-g	federal	cfr	verbatim	50 C.F.R. § 32.28(g)(4)(iii)	Hobe Sound NWR: rods and reels and poles and lines only, so no spearfishing	https://www.ecfr.gov/current/title-50/section-32.28
cfr-50-32-28-h	federal	cfr	verbatim	50 C.F.R. § 32.28(h)(4)(vi)	J.N. "Ding" Darling NWR: no bows or spears from Wildlife Drive	https://www.ecfr.gov/current/title-50/section-32.28
cfr-50-32-28-m	federal	cfr	verbatim	50 C.F.R. § 32.28(m)(4)	Pinellas NWR: fishing only from vessels around Tarpon Key	https://www.ecfr.gov/current/title-50/section-32.28
cfr-50-32-28-b	federal	cfr	verbatim	50 C.F.R. § 32.28(b)(4)(i), (ii)	Cedar Keys NWR: 300-foot buffer around Snake Key closed to all entry, 1 March to 30 June	https://www.ecfr.gov/current/title-50/section-32.28
cfr-50-32-28-k	federal	cfr	verbatim	50 C.F.R. § 32.28(k)(4)(i) to (iii)	Merritt Island NWR: refuge fishing permit required; night fishing only from a vessel	https://www.ecfr.gov/current/title-50/section-32.28
cfr-50-32-28-d	federal	cfr	verbatim	50 C.F.R. § 32.28(d)(4)	Egmont Key NWR: two attended poles per angler	https://www.ecfr.gov/current/title-50/section-32.28
cfr-36-7-27-rna	federal	cfr	verbatim	36 C.F.R. § 7.27(a)(14), (b)(3)(i), (e)(1), (e)(2)	Dry Tortugas Research Natural Area: closed to all fishing and anchoring	https://www.ecfr.gov/current/title-36/section-7.27
bnp-compendium-dive	federal	rule	verbatim	Biscayne National Park Superintendent's Compendium (approved 17 Sep 2025), 36 CFR 2.1, 3.16 and 3.18	Biscayne NP: no diving or snorkeling within 100 feet of marked channels, in named harbors, or at Legare Anchorage	https://www.nps.gov/bisc/learn/management/superintendents-compendium.htm
guis-compendium	federal	rule	secondary	Gulf Islands National Seashore Superintendent's Compendium (2021 onward), 36 CFR 1.5; park fishing pages	Gulf Islands NS: the 2021 compendium banned projectile fishing gear; the current compendium does not repeat it	https://www.nps.gov/guis/learn/news/national-seashore-releases-2021-superintendent-s-compendium.htm
cana-compendium	federal	rule	secondary	Canaveral National Seashore Superintendent's Compendium (last updated 12 Jun 2026), 36 CFR 1.5	Canaveral NS: no boats operating or anchoring within 500 feet of the ocean beach	https://www.nps.gov/cana/learn/management/superintendent-s-compendium.htm
ne-fl-nps-compendia	federal	rule	secondary	Timucuan EHP, Castillo de San Marcos NM and Fort Matanzas NM compendia (2026)	Northeast Florida NPS units: small shoreline fishing closures only	https://www.nps.gov/foma/learn/management/compendium.htm
neg-onms	federal	negative	verbatim	15 C.F.R. pt. 922 (all subparts); NOAA sanctuary nomination inventory: NEGATIVE	No national marine sanctuary other than the Florida Keys touches Florida, and none is proposed	https://www.ecfr.gov/current/title-15/subtitle-B/chapter-IX/subchapter-B/part-922
neg-fed-spear-gulf	federal	negative	verbatim	50 C.F.R. pt. 622 subpart B (Gulf reef fish): NEGATIVE	No federal Gulf rule on rebreathers or spearguns; the only Gulf spear rule is the stressed-area powerhead ban	https://www.ecfr.gov/current/title-50/part-622/subpart-B
cfr-33-165-701	federal	cfr	verbatim	33 C.F.R. § 165.701	Kennedy Space Center security zone (launch days only)	https://www.ecfr.gov/current/title-33/chapter-I/subchapter-P/part-165/subpart-F/section-165.701
cfr-33-165-703	federal	cfr	verbatim	33 C.F.R. § 165.703	Tampa Bay area fixed security zones (Sector St. Petersburg)	https://www.ecfr.gov/current/title-33/chapter-I/subchapter-P/part-165/subpart-F/section-165.703
cfr-33-165-705	federal	cfr	verbatim	33 C.F.R. § 165.705	Port Canaveral East (Trident) and Middle Basin security zones	https://www.ecfr.gov/current/title-33/chapter-I/subchapter-P/part-165/subpart-F/section-165.705
cfr-33-165-711	federal	cfr	verbatim	33 C.F.R. § 165.711	Port Everglades moving safety zone around naval aircraft carriers	https://www.ecfr.gov/current/title-33/chapter-I/subchapter-P/part-165/subpart-F/section-165.711
cfr-33-165-721	federal	cfr	verbatim	33 C.F.R. § 165.721	St. Johns River fireworks safety zone, Jacksonville (Hart to Acosta bridges)	https://www.ecfr.gov/current/title-33/chapter-I/subchapter-P/part-165/subpart-F/section-165.721
cfr-33-165-722	federal	cfr	verbatim	33 C.F.R. § 165.722	NAS Jacksonville security zone, St. Johns River	https://www.ecfr.gov/current/title-33/chapter-I/subchapter-P/part-165/subpart-F/section-165.722
cfr-33-165-723	federal	cfr	verbatim	33 C.F.R. § 165.723	Fireworks safety zones, COTP Zone Jacksonville (500 yards)	https://www.ecfr.gov/current/title-33/chapter-I/subchapter-P/part-165/subpart-F/section-165.723
cfr-33-165-728	federal	cfr	verbatim	33 C.F.R. §§ 165.728, 165.729	Maritime Prepositioned Ship zones, St. Johns River and Blount Island	https://www.ecfr.gov/current/title-33/chapter-I/subchapter-P/part-165/subpart-F/section-165.729
cfr-33-165-731	federal	cfr	verbatim	33 C.F.R. §§ 165.730 to 165.732	Kings Bay submarine base zones, Cumberland Sound and St. Marys entrance (Georgia side, reaches Florida waters)	https://www.ecfr.gov/current/title-33/chapter-I/subchapter-P/part-165/subpart-F/section-165.732
cfr-33-165-759	federal	cfr	verbatim	33 C.F.R. § 165.759	Jacksonville, Fernandina and Canaveral: 100-yard zones around tankers, cruise ships and prepositioned ships	https://www.ecfr.gov/current/title-33/chapter-I/subchapter-P/part-165/subpart-F/section-165.759
cfr-33-165-760-b	federal	cfr	verbatim	33 C.F.R. § 165.760	Palm Beach, Port Everglades and Miami: vessel zones and fixed port security zones	https://www.ecfr.gov/current/title-33/chapter-I/subchapter-P/part-165/subpart-F/section-165.760
cfr-33-165-761	federal	cfr	verbatim	33 C.F.R. § 165.761	Port of Key West: 100-yard zones around cruise ships and hazardous-cargo vessels	https://www.ecfr.gov/current/title-33/chapter-I/subchapter-P/part-165/subpart-F/section-165.761
cfr-33-165-764	federal	cfr	verbatim	33 C.F.R. § 165.764	Coast Guard Sector Key West security zone, Trumbo Point (no anchoring, loitering or fishing)	https://www.ecfr.gov/current/title-33/chapter-I/subchapter-P/part-165/subpart-F/section-165.764
cfr-33-165-765	federal	cfr	verbatim	33 C.F.R. § 165.765	Port Everglades harbor RNA: slow speed only, NOT an entry or diving ban	https://www.ecfr.gov/current/title-33/chapter-I/subchapter-P/part-165/subpart-F/section-165.765
cfr-33-165-773	federal	cfr	verbatim	33 C.F.R. § 165.773	Escorted vessels, COTP Zone Jacksonville: 500-yard moving security zone	https://www.ecfr.gov/current/title-33/chapter-I/subchapter-P/part-165/subpart-F/section-165.773
cfr-33-165-775	federal	cfr	verbatim	33 C.F.R. § 165.775	Cape Canaveral launch RNA and five launch hazard areas	https://www.ecfr.gov/current/title-33/chapter-I/subchapter-P/part-165/subpart-F/section-165.775
cfr-33-165-777	federal	cfr	verbatim	33 C.F.R. § 165.777	Port Canaveral West Basin cruise ship security zone	https://www.ecfr.gov/current/title-33/chapter-I/subchapter-P/part-165/subpart-F/section-165.777
cfr-33-165-779	federal	cfr	verbatim	33 C.F.R. § 165.779	Biscayne Bay holiday events RNA: 15-knot limit only	https://www.ecfr.gov/current/title-33/chapter-I/subchapter-P/part-165/subpart-F/section-165.779
cfr-33-165-783	federal	cfr	verbatim	33 C.F.R. § 165.783	Fireworks safety zones, COTP Zone St. Petersburg (500 yards)	https://www.ecfr.gov/current/title-33/chapter-I/subchapter-P/part-165/subpart-F/section-165.783
cfr-33-165-785-psz	federal	cfr	verbatim	33 C.F.R. § 165.785	Presidential Security Zone, Palm Beach: enforcement trigger	https://www.ecfr.gov/current/title-33/chapter-I/subchapter-P/part-165/subpart-F/section-165.785
cfr-33-165-786	federal	cfr	verbatim	33 C.F.R. § 165.786	Sector Key West recurring marine events (swims and paddle races)	https://www.ecfr.gov/current/title-33/chapter-I/subchapter-P/part-165/subpart-F/section-165.786
cfr-33-165-790	federal	cfr	verbatim	33 C.F.R. § 165.790	Coast Guard Base Miami Beach slip RNA: 7 mph, no passing	https://www.ecfr.gov/current/title-33/chapter-I/subchapter-P/part-165/subpart-F/section-165.790
cfr-33-165-792	federal	cfr	verbatim	33 C.F.R. § 165.792	Port of Miami RNA: slow speed only	https://www.ecfr.gov/current/title-33/chapter-I/subchapter-P/part-165/subpart-F/section-165.792
cfr-33-165-801-mob	federal	cfr	verbatim	33 C.F.R. § 165.801, Table 7	Sector Mobile recurring safety zones in Florida (Destin, Niceville, Mary Esther, Pensacola Beach)	https://www.ecfr.gov/current/title-33/chapter-I/subchapter-P/part-165/subpart-F/section-165.801
cfr-33-165-2025	federal	cfr	verbatim	33 C.F.R. § 165.2025	Naval vessel protection zone: 100 yards from any large U.S. naval vessel, statewide	https://www.ecfr.gov/current/title-33/chapter-I/subchapter-P/part-165/subpart-G/section-165.2025
cfr-33-334-500	federal	cfr	verbatim	33 C.F.R. § 334.500	NAVSTA Mayport restricted areas and munitions danger zone	https://www.ecfr.gov/current/title-33/chapter-II/part-334/section-334.500
cfr-33-334-505	federal	cfr	verbatim	33 C.F.R. § 334.505	Coast Guard Station Mayport restricted area (fishing prohibited)	https://www.ecfr.gov/current/title-33/chapter-II/part-334/section-334.505
cfr-33-334-510	federal	cfr	verbatim	33 C.F.R. § 334.510	Navy Fuel Depot pier restricted area, St. Johns River	https://www.ecfr.gov/current/title-33/chapter-II/part-334/section-334.510
cfr-33-334-515	federal	cfr	verbatim	33 C.F.R. § 334.515	Blount Island Command restricted areas, St. Johns River	https://www.ecfr.gov/current/title-33/chapter-II/part-334/section-334.515
cfr-33-334-520	federal	cfr	verbatim	33 C.F.R. § 334.520	Lake George naval bombing area (freshwater)	https://www.ecfr.gov/current/title-33/chapter-II/part-334/section-334.520
cfr-33-334-525	federal	cfr	verbatim	33 C.F.R. § 334.525	Atlantic off Kennedy Space Center restricted area (1.5 nm band)	https://www.ecfr.gov/current/title-33/chapter-II/part-334/section-334.525
cfr-33-334-530	federal	cfr	verbatim	33 C.F.R. § 334.530	Navy pier, Canaveral Harbor restricted area (200 feet)	https://www.ecfr.gov/current/title-33/chapter-II/part-334/section-334.530
cfr-33-334-540	federal	cfr	verbatim	33 C.F.R. § 334.540	Banana River at Cape Canaveral SFS restricted area	https://www.ecfr.gov/current/title-33/chapter-II/part-334/section-334.540
cfr-33-334-560	federal	cfr	verbatim	33 C.F.R. § 334.560	Banana River at Patrick SFB restricted area (stay clear at all times)	https://www.ecfr.gov/current/title-33/chapter-II/part-334/section-334.560
cfr-33-334-570	federal	cfr	verbatim	33 C.F.R. § 334.570	Banana River north of NASA Causeway (Orsino) restricted area	https://www.ecfr.gov/current/title-33/chapter-II/part-334/section-334.570
cfr-33-334-580	federal	cfr	verbatim	33 C.F.R. § 334.580	Atlantic near Port Everglades (Navy test range): no anchoring or bottom attachment	https://www.ecfr.gov/current/title-33/chapter-II/part-334/section-334.580
cfr-33-334-590	federal	cfr	verbatim	33 C.F.R. § 334.590	Atlantic off Cape Canaveral missile testing danger zone (3 nm)	https://www.ecfr.gov/current/title-33/chapter-II/part-334/section-334.590
cfr-33-334-595	federal	cfr	verbatim	33 C.F.R. § 334.595	Atlantic off Cape Canaveral SFS restricted area (1.5 nm band)	https://www.ecfr.gov/current/title-33/chapter-II/part-334/section-334.595
cfr-33-334-600	federal	cfr	verbatim	33 C.F.R. § 334.600	Trident Basin danger zone, Port Canaveral (explosives)	https://www.ecfr.gov/current/title-33/chapter-II/part-334/section-334.600
cfr-33-334-605	federal	cfr	verbatim	33 C.F.R. § 334.605	Meloy Channel, Coast Guard Base Miami Beach restricted area (fishing prohibited)	https://www.ecfr.gov/current/title-33/chapter-II/part-334/section-334.605
cfr-33-334-610	federal	cfr	verbatim	33 C.F.R. § 334.610	Key West naval restricted areas and Boca Chica danger zone	https://www.ecfr.gov/current/title-33/chapter-II/part-334/section-334.610
cfr-33-334-620	federal	cfr	verbatim	33 C.F.R. § 334.620	NAS Key West operational training area and Marquesas bombing targets	https://www.ecfr.gov/current/title-33/chapter-II/part-334/section-334.620
cfr-33-334-630	federal	cfr	verbatim	33 C.F.R. § 334.630	MacDill AFB small-arms range danger zone (no entry at any time)	https://www.ecfr.gov/current/title-33/chapter-II/part-334/section-334.630
cfr-33-334-635	federal	cfr	verbatim	33 C.F.R. § 334.635	MacDill AFB restricted area, Hillsborough Bay and Tampa Bay (closed 24/7)	https://www.ecfr.gov/current/title-33/chapter-II/part-334/section-334.635
cfr-33-334-640	federal	cfr	verbatim	33 C.F.R. § 334.640	Gulf south of Apalachee Bay, Air Force rocket firing range	https://www.ecfr.gov/current/title-33/chapter-II/part-334/section-334.640
cfr-33-334-650	federal	cfr	verbatim	33 C.F.R. § 334.650	Gulf south of St. George Island, helicopter test firing range	https://www.ecfr.gov/current/title-33/chapter-II/part-334/section-334.650
cfr-33-334-660	federal	cfr	verbatim	33 C.F.R. § 334.660	Tyndall drone recovery area, Gulf and Apalachicola Bay	https://www.ecfr.gov/current/title-33/chapter-II/part-334/section-334.660
cfr-33-334-665	federal	cfr	verbatim	33 C.F.R. § 334.665	Tyndall AFB enhanced threat restricted area (500 feet, only when activated)	https://www.ecfr.gov/current/title-33/chapter-II/part-334/section-334.665
cfr-33-334-670	federal	cfr	verbatim	33 C.F.R. § 334.670	Tyndall air-to-air firing range, Gulf south and west of Cape San Blas	https://www.ecfr.gov/current/title-33/chapter-II/part-334/section-334.670
cfr-33-334-680	federal	cfr	verbatim	33 C.F.R. § 334.680	Tyndall small-arms ranges, Gulf southeast of St. Andrew Bay East Entrance	https://www.ecfr.gov/current/title-33/chapter-II/part-334/section-334.680
cfr-33-334-700	federal	cfr	verbatim	33 C.F.R. § 334.700	Choctawhatchee Bay aerial gunnery ranges, Eglin AFB	https://www.ecfr.gov/current/title-33/chapter-II/part-334/section-334.700
cfr-33-334-710	federal	cfr	verbatim	33 C.F.R. § 334.710	The Narrows and Gulf off Santa Rosa Island, Eglin restricted area	https://www.ecfr.gov/current/title-33/chapter-II/part-334/section-334.710
cfr-33-334-720	federal	cfr	verbatim	33 C.F.R. § 334.720	Gulf south from Choctawhatchee Bay, Eglin missile test area	https://www.ecfr.gov/current/title-33/chapter-II/part-334/section-334.720
cfr-33-334-730	federal	cfr	verbatim	33 C.F.R. § 334.730	Santa Rosa Sound and Gulf at Test Site A-3 (Tuck 3), Eglin danger zone and restricted areas	https://www.ecfr.gov/current/title-33/chapter-II/part-334/section-334.730
cfr-33-334-740	federal	cfr	verbatim	33 C.F.R. §§ 334.740 to 334.748	Eglin AFB shoreline restricted areas (Choctawhatchee Bay north shore, Camp Pinchot, Poquito, Wynnhaven Beach)	https://www.ecfr.gov/current/title-33/chapter-II/part-334/section-334.740
cfr-33-334-746	federal	cfr	verbatim	33 C.F.R. § 334.746	Coast Guard Station Destin restricted area	https://www.ecfr.gov/current/title-33/chapter-II/part-334/section-334.746
cfr-33-334-760	federal	cfr	verbatim	33 C.F.R. § 334.760	NSA Panama City shoreline restricted area (100 feet, closed 24/7)	https://www.ecfr.gov/current/title-33/chapter-II/part-334/section-334.760
cfr-33-334-761	federal	cfr	verbatim	33 C.F.R. §§ 334.761 to 334.763	NSA Panama City training restricted areas (St. Andrew Bay, North Bay, West Bay, Gulf)	https://www.ecfr.gov/current/title-33/chapter-II/part-334/section-334.761
cfr-33-334-770	federal	cfr	verbatim	33 C.F.R. § 334.770	Tyndall Drone Launch Corridor, Gulf and St. Andrew Sound	https://www.ecfr.gov/current/title-33/chapter-II/part-334/section-334.770
cfr-33-334-775	federal	cfr	verbatim	33 C.F.R. § 334.775	NAS Pensacola naval restricted areas, Pensacola Bay (keep 300 yards from naval craft)	https://www.ecfr.gov/current/title-33/chapter-II/part-334/section-334.775
cfr-33-334-778	federal	cfr	verbatim	33 C.F.R. § 334.778	NAS Pensacola restricted area, Pensacola Bay and Bayou Grande (closed 24/7)	https://www.ecfr.gov/current/title-33/chapter-II/part-334/section-334.778
cfr-33-334-780	federal	cfr	verbatim	33 C.F.R. § 334.780	Pensacola Bay seaplane restricted area (NAS small-boat training area, closed 24/7)	https://www.ecfr.gov/current/title-33/chapter-II/part-334/section-334.780
neg-cfr-32-761-florida	federal	negative	secondary	32 C.F.R. pt. 761	No Naval Defensive Sea Area in Florida	https://www.ecfr.gov/current/title-32/subtitle-A/chapter-VI/subchapter-D/part-761
neg-cfr-33-334-below-500-florida	federal	negative	verbatim	33 C.F.R. §§ 334.400 to 334.490	No Florida danger zone or restricted area before § 334.500	https://www.ecfr.gov/current/title-33/chapter-II/part-334
fac-68b-25-003	state	rule	verbatim	Fla. Admin. Code r. 68B-25.003(2)	Old Tampa Bay north of the Gandy Bridge: spears are not on the allowed gear list	https://flrules.org/gateway/ruleNo.asp?id=68B-25.003
fac-68b-3-009	state	rule	verbatim	Fla. Admin. Code r. 68B-3.009(1)-(2)	Brevard County, Turkey Creek and Crane Creek: spears are not on the allowed gear list	https://flrules.org/gateway/ruleNo.asp?id=68B-3.009
fac-68c-22-002-11	state	rule	verbatim	Fla. Admin. Code r. 68C-22.002(11); ch. 68C-22 No Entry zones	Manatee No Entry zones: closed to swimmers, divers and waders, not only boats	https://flrules.org/gateway/ChapterHome.asp?Chapter=68C-22
cfr-50-17-108-a	federal	cfr	verbatim	50 C.F.R. § 17.108(a)(1)-(11)	Federal manatee sanctuaries: all waterborne activity banned 15 Nov to 31 Mar at eleven sites	https://www.ecfr.gov/current/title-50/section-17.108
fac-68b-11-003	state	rule	verbatim	Fla. Admin. Code rr. 68B-11.001, 68B-11.003, 68B-11.004	Biscayne Bay-Card Sound Spiny Lobster Sanctuary: no lobster, ever, and no lobster aboard while anyone is in the water	https://flrules.org/gateway/ChapterHome.asp?Chapter=68B-11
fac-68b-24-005-2	state	rule	verbatim	Fla. Admin. Code r. 68B-24.005(2)	Lobster sport (mini) season: dive or net only; in Monroe County no night diving and no Pennekamp	https://flrules.org/gateway/ruleNo.asp?id=68B-24.005
fac-68b-24-0065	state	rule	verbatim	Fla. Admin. Code r. 68B-24.0065 (as amended eff. 1 Jul 2026)	John Pennekamp: no lobster in the sport season; seven Coral Formation Protection Zones closed to lobster all regular season	https://flrules.org/gateway/ruleNo.asp?id=68B-24.0065
fac-68b-24-006-10	state	rule	verbatim	Fla. Admin. Code r. 68B-24.006(10)	Spiny lobster may never be speared	https://flrules.org/gateway/ruleNo.asp?id=68B-24.006
fac-68b-24-007-4	state	rule	verbatim	Fla. Admin. Code r. 68B-24.007(4)	Night lobster diving: bag limit applies	https://flrules.org/gateway/ruleNo.asp?id=68B-24.007
fac-68b-7-008-1	state	rule	verbatim	Fla. Admin. Code r. 68B-7.008(1)	Biscayne National Park Coral Reef Protection Areas: no lobster, no traps	https://flrules.org/gateway/ruleNo.asp?id=68B-7.008
fac-68b-6-004	state	rule	verbatim	Fla. Admin. Code r. 68B-6.004	Western Dry Rocks: no fishing of any kind, 1 April to 31 July	https://flrules.org/gateway/ruleNo.asp?id=68B-6.004
fac-68b-6-003	state	rule	verbatim	Fla. Admin. Code rr. 68B-6.002, 68B-6.003(1)(b)	Florida Keys: the state's own no-fishing rule for the state-water SPAs and Ecological Reserves	https://flrules.org/gateway/ChapterHome.asp?Chapter=68B-6
fs-403-93345	state	statute	verbatim	Fla. Stat. § 403.93345	Coral Reef Protection Act: anchoring on reef is penalised; NOT a fishing rule	http://www.leg.state.fl.us/statutes/index.cfm?App_mode=Display_Statute&URL=0400-0499/0403/Sections/0403.93345.html
neg-kristinjacobs	state	negative	verbatim	Fla. Stat. §§ 258.39(33), 258.43(1); Fla. Admin. Code r. 18-20.012 (NEGATIVE)	Kristin Jacobs Coral Aquatic Preserve does NOT close fishing or spearfishing	http://www.leg.state.fl.us/statutes/index.cfm?App_mode=Display_Statute&URL=0200-0299/0258/Sections/0258.39.html
neg-nerr	state	negative	secondary	15 C.F.R. § 921.1(c); Fla. Admin. Code ch. 18-20 (NEGATIVE)	National Estuarine Research Reserves (Rookery Bay, GTM, Apalachicola) do not close fishing or spearfishing	https://www.ecfr.gov/current/title-15/subtitle-B/chapter-IX/subchapter-B/part-921
neg-bufferpreserve	state	negative	verbatim	Fla. Admin. Code rr. 18-23.002(1), 18-23.007 (NEGATIVE)	State buffer preserves are land, not water: no fishing closure	https://flrules.org/gateway/ChapterHome.asp?Chapter=18-23
neg-68b-areas	state	negative	secondary	Fla. Admin. Code chs. 68B-3, 68B-4, 68B-5, 68B-25, 68B-42 (listed rules) (NEGATIVE)	Other FWC area rules checked: no further spearfishing or diving closures	https://flrules.org/gateway/Division.asp?DivID=348
monroe-26-art4	county	ordinance	unverified	Monroe County Code ch. 26 art. IV (section numbers not located)	Keys lobster season: no diving or snorkeling within 300 ft of improved shoreline, canals and marinas	https://library.municode.com/fl/monroe_county/codes/code_of_ordinances
madeira-78-3	city	ordinance	verbatim	City of Madeira Beach Code § 78-3	Swimming, diving, spearfishing and skin diving prohibited: John's Pass (north side)	https://library.municode.com/fl/madeira_beach/codes/code_of_ordinances?nodeId=PTIICOOR_CH78WA_ARTIINGE_S78-3SWSPPRCEAR
ti-22-2	city	ordinance	verbatim	City of Treasure Island Code § 22-2	Discharge of air, gas or spring-powered projectile weapons banned citywide, spearfishing excepted only where designated	https://library.municode.com/fl/treasure_island/codes/code_of_ordinances?nodeId=PTIICOOR_CH22OF_S22-2USWEPR
venice-46-114	city	ordinance	verbatim	City of Venice Code § 46-114	Spear fishing prohibited within or near city waters	https://library.municode.com/fl/venice/codes/code_of_ordinances?nodeId=SPAGEOR_CH46PARE_ARTIVMAAC_DIV2FISW_S46-114SPFI
sarasota-city-10-66	city	ordinance	verbatim	City of Sarasota Code §§ 10-62, 10-64 to 10-66	City of Sarasota: spear fishing banned within 100 yards of city docks, bridges, piers, wharves and jetties at beaches and recreational areas; channel and flag rules	https://library.municode.com/fl/sarasota/codes/code_of_ordinances?nodeId=PTIITHCO_CH10BEWA_ARTIIISKSCDISPFI_S10-66PRNEBRDOET
cedarkey-2-4-02	city	ordinance	verbatim	City of Cedar Key Code § 2-4.02.00	Spearing fish and other sea life prohibited within city limits	https://library.municode.com/fl/cedar_key/codes/code_of_ordinances?nodeId=CHTWOGEOR_ARTIVMAAC_2-4.02.00SPFIOTSELIPR
dania-6-12	city	ordinance	verbatim	City of Dania Beach Code § 6-12(b), (c)	Spearfishing gear banned on the beach and in the water; scuba confined to a designated area; 100-yard pier zone	https://library.municode.com/fl/dania_beach/codes/code_of_ordinances?nodeId=PTIICOOR_CH6BEPAWAREPA_ARTIINGE_S6-12FISKVISCDISPLABOOPVERE
hallandale-16-23	city	ordinance	verbatim	City of Hallandale Beach Code § 16-23	Spearfishing and scuba on the public beach prohibited except in a designated area	https://library.municode.com/fl/hallandale_beach/codes/code_of_ordinances?nodeId=PTIICOOR_CH16PARE_ARTIIIPUBE_S16-23COBE
lbts-5-4	city	ordinance	verbatim	Town of Lauderdale-By-The-Sea Code §§ 5-4, 5-5, 5-7(a)	Loading a spear gun anywhere in town prohibited; no spearfishing on the public beach; 300 ft dive-free zone around the pier	https://library.municode.com/fl/lauderdale-by-the-sea/codes/code_of_ordinances?nodeId=PTIICOOR_CH5BEWA_ARTIINGE
pompano-98-12	city	ordinance	verbatim	City of Pompano Beach Code § 98.12	No spear fishing, underwater fishing or swimming within 100 ft of the municipal fishing pier	https://codelibrary.amlegal.com/codes/pompanobeach/latest/pompanobeach_fl/0-0-0-83267
pompano-91-22	city	ordinance	verbatim	City of Pompano Beach Code § 91.22	Pompano Beach: no swimming or diving in the Hillsboro Inlet area	https://codelibrary.amlegal.com/codes/pompanobeach/latest/pompanobeach_fl/0-0-0-81781
lwb-7-33	city	ordinance	verbatim	City of Lake Worth Beach Code §§ 7-33(e), 7-78(b)	No skin diving or spear fishing within 500 ft of the city's three piers; scuba banned from the municipal beach	https://library.municode.com/fl/lake_worth_beach/codes/code_of_ordinances?nodeId=PTIICOOR_CH7BEPARE_ARTIIIMUPICOCOSNISPIFABRPAFIPI_S7-33RERE
lantana-5-18	city	ordinance	verbatim	Town of Lantana Code § 5-18	Spearguns, slings and harpoons prohibited on the municipal beach and in its waters	https://library.municode.com/fl/lantana/codes/code_of_ordinances?nodeId=PTIICOOR_CH5BEBOWA_ARTIIBE_S5-18PUBEUNCO
juno-16-4	city	ordinance	verbatim	Town of Juno Beach Code § 16-4	Loaded spear gun banned on beaches, piers, jetties and public places (NOT a water closure)	https://library.municode.com/fl/juno_beach/codes/code_of_ordinances?nodeId=PTIICOOR_CH16OF_ARTIINGE_S16-4SPGUSIDEPRPUPL
balharbour-12-7	city	ordinance	verbatim	Village of Bal Harbour Code § 12-7	Discharging spearguns (compressed air, spring or band) in village waters prohibited	https://library.municode.com/fl/bal_harbour/codes/code_of_ordinances?nodeId=PTIICOOR_CH12OF_S12-7DIWE
melbourne-40-2	city	ordinance	verbatim	City of Melbourne Code § 40-2	No skin diving, swimming or spear use within 100 ft of any public bridge or pier	https://library.municode.com/fl/melbourne/codes/code_of_ordinances?nodeId=PTIICICO_CH40OF_ARTIINGE_S40-2SHFISPBOARNEPUBRPI
miamibeach-82-441	city	ordinance	verbatim	City of Miami Beach Code §§ 82-441, 82-467	No spear fishing from bridges, in the 29th to 33rd Street jetty area, or in lifeguard restricted swim areas	https://library.municode.com/fl/miami_beach/codes/code_of_ordinances?nodeId=SPAGEOR_CH82PUPR_ARTVBE_DIV1GE_S82-441FIVIBRJEARBE29TH33RDSTRESWAR
sib-108-4	city	ordinance	verbatim	City of Sunny Isles Beach Code § 108-4	No fishing by spear in the Atlantic except in designated areas	https://library.municode.com/fl/sunny_isles_beach/codes/code_of_ordinances?nodeId=PAII_CH108BE_ARTISWFIDUDAWACO_S108-4PRSWFI
annamaria-110-122	city	ordinance	verbatim	City of Anna Maria Code § 110-122(3)	No spearing or gigging from or under the City Pier and within 50 yards	https://library.municode.com/fl/anna_maria/codes/code_of_ordinances?nodeId=PTIICOOR_CH110WA_ARTVANMAPI_S110-122PRAC
boca-9-3	city	ordinance	verbatim	City of Boca Raton Code §§ 9-3, 9-4, 11-85	No swimming, diving or scuba in Boca Raton Inlet or at the Palmetto Park Road bridge; no spear guns on park property	https://library.municode.com/fl/boca_raton/codes/code_of_ordinances?nodeId=PTIICOOR_CH9MIOF_ARTIINGE_S9-3SWDIBORAIN
delray-101-34	city	ordinance	verbatim	City of Delray Beach Code § 101.34(B)	Scuba diving prohibited from all areas of the municipal beach	https://library.municode.com/fl/delray_beach/codes/code_of_ordinances?nodeId=CD_ORD_TIT9GERE_CH101PABERE_MUPABEOTRESI_S101.34SUSCDIJESK
deerfield-50-112	city	ordinance	secondary	City of Deerfield Beach Code § 50-112(d)	No swimming or snorkeling within 50 yards of the city fishing pier	https://library.municode.com/fl/deerfield_beach/codes/code_of_ordinances?nodeId=PTIICOOR_CH50PARE_ARTVRURE_S50-112MUPUBERE
lee-20-25	county	ordinance	verbatim	Lee County Code § 20-25(b); § 20-31(5)	Lee County parks, beaches and piers: fishing with spears prohibited at all times	https://library.municode.com/fl/lee_county/codes/code_of_ordinances?nodeId=PTIICOOR_CH20PARE_ARTIIPUCOCOPA_S20-25FI
fmb-18-24	city	ordinance	verbatim	Town of Fort Myers Beach Code § 18-24(k)(1)	Town parks: fishing with spears prohibited at all times	https://library.municode.com/fl/fort_myers_beach/codes/code_of_ordinances?nodeId=PTIICOOR_CH18PARE_ARTIIFOMYBEPARERURE_S18-24CABUOTPR
bonita-28-31	city	ordinance	verbatim	City of Bonita Springs Code § 28-31(b)	City parks: fishing with spears prohibited at all times	https://library.municode.com/fl/bonita_springs/codes/code_of_ordinances?nodeId=PTIICO_CH28PARE_ARTIIPAFARUREUSPO_S28-31FI
hillsborough-38-25	county	ordinance	verbatim	Hillsborough County Code § 38-25(i)(1)	County park waters, fresh or salt: no spear or gig fishing except where designated	https://library.municode.com/fl/hillsborough_county/codes/code_of_ordinances,_part_a?nodeId=HICOCOORLAPAGEOR_CH38PARE_ARTIIPUCOPAREFA_S38-25REACFAPAAR
manatee-2-24-6	county	ordinance	verbatim	Manatee County Code §§ 2-24-6(3)(c), 2-24-26	County parks: no fishing where swimming is permitted, no SCUBA in marked swim areas; no swimming under or diving from the three groins or any pier	https://library.municode.com/fl/manatee_county/codes/code_of_ordinances?nodeId=PTIIMACOCOOR_CH2-24SPLESENARE_ARTIDEGEAPRE_S2-24-6REAC
marco-54-173	city	ordinance	verbatim	City of Marco Island Code § 54-173	No swimming, snorkeling or scuba within 50 ft of any bridge	https://library.municode.com/fl/marco_island/codes/code_of_ordinances?nodeId=PTIICOOR_CH54WABE_ARTVIWABOSA_S54-173SWDI
dunedin-86-108	city	ordinance	verbatim	City of Dunedin Code §§ 86-108, 50-9	No harpoons or spears from Dunedin Marina docks and seawalls; posted no-fishing areas include spears	https://library.municode.com/fl/dunedin/codes/code_of_ordinances?nodeId=SPAGEOR_CH86WA_ARTIIMA_DIV4RE_S86-108PRUSBOSL
fortpierce-28-4	city	ordinance	secondary	City of Fort Pierce Code §§ 28-1, 28-4, 28-31(18)	Fishing (defined to include spearing) prohibited at eight listed city shorelines and waters; no propelling spears in city park areas	https://library.municode.com/fl/fort_pierce/codes/code_of_ordinances?nodeId=PTIICOOR_CH28PARESPEV_ARTIINGE_S28-4FIWICI
brevard-78-112	county	ordinance	verbatim	Brevard County Code § 78-112	County parks: no swimming, diving, scuba or fishing except in designated areas	https://library.municode.com/fl/brevard_county/codes/code_of_ordinances?nodeId=PTIICOOR_CH78PARE_ARTIIIUSPA_DIV2PEVIPRCO_S78-112WAAC
lakepark-76-89	city	ordinance	secondary	Town of Lake Park Code § 76-89	Swimming, diving and fishing forbidden in the Lake Park Harbor Marina	https://library.municode.com/fl/lake_park/codes/code_of_ordinances?nodeId=SPBLADERE_CH76WA_ARTIIILAPAHAMA_S76-89SWDIFIPR
kcb-12-9	city	ordinance	verbatim	City of Key Colony Beach Code § 12-9	Swimming and snorkeling prohibited from city park property (NOT a spearfishing rule)	https://library.municode.com/fl/key_colony_beach/codes/code_of_ordinances?nodeId=PTIICOOR_CH12PARE_S12-9LIUSCEPAPR
neg-jax-388	city	negative	verbatim	City of Jacksonville Code (whole code, incl. ch. 388): NEGATIVE	No Jacksonville or Duval spearfishing ordinance	https://library.municode.com/fl/jacksonville/codes/code_of_ordinances
neg-miami-city	city	negative	verbatim	City of Miami Code (whole code): NEGATIVE	No City of Miami spearfishing ordinance (§ 61-35 lead unfounded)	https://library.municode.com/fl/miami/codes/code_of_ordinances
neg-stuart-panamacitybeach	city	negative	verbatim	Stuart ch. 30 · Panama City Beach ch. 7 · Islamorada · Pinellas Park § 16-110 · Hialeah ch. 58: NEGATIVE	Open items from the last sweep that are not spearfishing rules	https://library.municode.com/fl/
neg-panhandle	county	negative	verbatim	Escambia, Okaloosa, Walton, Bay, Gulf, Franklin, Jefferson, Taylor, Dixie, Levy counties and Panhandle/Big Bend cities: NEGATIVE	No county or city spearfishing ordinance from Pensacola to Levy County except Cedar Key	https://library.municode.com/fl/
neg-nature-coast	county	negative	verbatim	Citrus, Hernando counties; Crystal River: NEGATIVE (spring-run diving rules only)	No saltwater spearfishing ordinance on the Nature Coast	https://library.municode.com/fl/
neg-ne-florida	county	negative	verbatim	Nassau(part), Duval, St. Johns, Flagler, Volusia(part) counties and cities: NEGATIVE	No spearfishing ordinance on the northeast coast	https://library.municode.com/fl/
neg-treasure-coast	county	negative	verbatim	Indian River, St. Lucie (part), Martin (part) counties and cities; Space Coast barrier cities: NEGATIVE except as listed	Treasure and Space Coast jurisdictions without a spearfishing ordinance	https://library.municode.com/fl/
neg-southeast	city	negative	verbatim	Palm Beach, Broward, Miami-Dade cities without a spear rule: NEGATIVE	Southeast coast jurisdictions without a spearfishing ordinance	https://library.municode.com/fl/
neg-southwest	city	negative	verbatim	Collier, Lee (cities), Charlotte, Sarasota (part), Manatee (cities), Pinellas (part): NEGATIVE except as listed	Gulf coast jurisdictions without a spearfishing ordinance	https://library.municode.com/fl/
fac-68b-14-0035	state	rule	secondary	Fla. Admin. Code r. 68B-14.0035	Reef fish minimum sizes (snapper, grouper, hogfish, amberjacks, triggerfish, sea bass, red porgy)	https://www.flrules.org/gateway/ruleNo.asp?id=68B-14.0035
fac-68b-14-0036	state	rule	secondary	Fla. Admin. Code r. 68B-14.0036	Reef fish recreational bag limits and aggregates; Nassau and goliath grouper	https://www.flrules.org/gateway/ruleNo.asp?id=68B-14.0036
fac-68b-14-0038	state	rule	verbatim	Fla. Admin. Code r. 68B-14.0038	Gulf red snapper season: set each year by FWC notice	https://www.flrules.org/gateway/ruleNo.asp?id=68B-14.0038
fac-68b-14-0039	state	rule	verbatim	Fla. Admin. Code r. 68B-14.0039	Grouper and tilefish seasons: Gulf gag, Atlantic shallow-water grouper closure, goliath, snowy, blueline	https://www.flrules.org/gateway/ruleNo.asp?id=68B-14.0039
fac-68b-14-004	state	rule	secondary	Fla. Admin. Code r. 68B-14.004	Greater amberjack seasons	https://www.flrules.org/gateway/ruleNo.asp?id=68B-14.004
fac-68b-14-0041	state	rule	verbatim	Fla. Admin. Code r. 68B-14.0041	Gulf gray triggerfish closed seasons	https://www.flrules.org/gateway/ruleNo.asp?id=68B-14.0041
fac-68b-14-0042	state	rule	verbatim	Fla. Admin. Code r. 68B-14.0042	Hogfish season (Atlantic and Keys): May 1 to Oct 31	https://www.flrules.org/gateway/ruleNo.asp?id=68B-14.0042
fac-68b-14-0043	state	rule	verbatim	Fla. Admin. Code r. 68B-14.0043	Atlantic red porgy season: May 1 to Jun 30	https://www.flrules.org/gateway/ruleNo.asp?id=68B-14.0043
fac-68b-14-005	state	rule	verbatim	Fla. Admin. Code r. 68B-14.005(1)(c), (7)	Reef fish gear: spear not excluded as gear; goliath grouper hook and line only	https://www.flrules.org/gateway/ruleNo.asp?id=68B-14.005
fac-68b-14-008	state	rule	verbatim	Fla. Admin. Code r. 68B-14.008	Goliath grouper open and closed harvest areas	https://www.flrules.org/gateway/ruleNo.asp?id=68B-14.008
fac-68b-19-003	state	rule	verbatim	Fla. Admin. Code rr. 68B-19.003(1), 68B-19.004(1)	Cobia: 36 in fork length, 1 per person, 2 per vessel	https://www.flrules.org/gateway/ruleNo.asp?id=68B-19.004
fac-68b-59-003	state	rule	verbatim	Fla. Admin. Code rr. 68B-59.003, 68B-59.004(1), 68B-59.006(1)	Sheepshead: 12 in TL, 8 per person; spear not excluded as gear	https://www.flrules.org/gateway/ruleNo.asp?id=68B-59.006
fac-68b-48-003	state	rule	verbatim	Fla. Admin. Code rr. 68B-48.003(1), 68B-48.004(1), 68B-48.005(1), 68B-48.006(1)	Flounder: 14 in TL, 5 per person, closed Oct 15 to Nov 30; spear not excluded as gear	https://www.flrules.org/gateway/ruleNo.asp?id=68B-48.005
fac-68b-36-003	state	rule	verbatim	Fla. Admin. Code rr. 68B-36.003, 68B-36.004, 68B-36.006	Black drum: 14 to 24 in TL slot, 5 per person; no spear ban	https://www.flrules.org/gateway/ruleNo.asp?id=68B-36.006
fac-68b-49-006	state	rule	verbatim	Fla. Admin. Code r. 68B-49.006	Tripletail: hook and line only; spearing prohibited in state and federal waters	https://www.flrules.org/gateway/ruleNo.asp?id=68B-49.006
fac-68b-44-006	state	rule	verbatim	Fla. Admin. Code r. 68B-44.006(1)	Sharks: hook and line only	https://www.flrules.org/gateway/ruleNo.asp?id=68B-44.006
fac-68b-24-006	state	rule	verbatim	Fla. Admin. Code r. 68B-24.006(10)	Spiny lobster: no device that can puncture or crush	https://www.flrules.org/gateway/ruleNo.asp?id=68B-24.006
fac-68b-5-006	state	rule	verbatim	Fla. Admin. Code r. 68B-5.006(2) to (4)	Lionfish: no bag limit; licence exemption for spears and nets; rebreather ban exception	https://www.flrules.org/gateway/ruleNo.asp?id=68B-5.006
fac-68b-60-003	state	rule	verbatim	Fla. Admin. Code rr. 68B-60.003, 68B-60.004	Great barracuda: slot and 2 per person from Martin and Collier counties south	https://www.flrules.org/gateway/ruleNo.asp?id=68B-60.003
fac-68b-57-004	state	rule	verbatim	Fla. Admin. Code r. 68B-57.004(1)	Wahoo: 2 per person	https://www.flrules.org/gateway/ruleNo.asp?id=68B-57.004
fac-68b-41-004	state	rule	verbatim	Fla. Admin. Code rr. 68B-41.004, 68B-41.006	Dolphin: bag and vessel limits; spear not excluded as gear	https://www.flrules.org/gateway/ruleNo.asp?id=68B-41.004
fac-68b-61-004	state	rule	verbatim	Fla. Admin. Code r. 68B-61.004(1)	Blue runner: 100 per person	https://www.flrules.org/gateway/ruleNo.asp?id=68B-61.004
fac-68b-62-004	state	rule	verbatim	Fla. Admin. Code r. 68B-62.004	Blackfin tuna: 2 per person or 10 per vessel	https://www.flrules.org/gateway/ruleNo.asp?id=68B-62.004
fac-68b-23-004	state	rule	verbatim	Fla. Admin. Code rr. 68B-23.004, 68B-23.006(1)	Spanish mackerel: 15 per person; spear not excluded as gear in state waters	https://www.flrules.org/gateway/ruleNo.asp?id=68B-23.006
fac-68b-30-003	state	rule	verbatim	Fla. Admin. Code r. 68B-30.003(2)(a), (4)	Atlantic king mackerel: 2 per person; hook and line or spearing	https://www.flrules.org/gateway/ruleNo.asp?id=68B-30.003
fac-68b-12-004	state	rule	secondary	Fla. Admin. Code r. 68B-12.004(1)	Gulf-Atlantic king mackerel: 3 per person	https://www.flrules.org/gateway/ruleNo.asp?id=68B-12.004
fac-68b-7-003	state	rule	verbatim	Fla. Admin. Code rr. 68B-7.003, 68B-7.004(1)	Biscayne National Park: larger minimum sizes and a 10-fish aggregate	https://www.flrules.org/gateway/ruleNo.asp?id=68B-7.003
fs-379-361-2i	state	statute	verbatim	Fla. Stat. § 379.361(2)(i)1.	Species with no bag limit: above 2 fish or 100 lb is a commercial quantity	http://www.leg.state.fl.us/statutes/index.cfm?App_mode=Display_Statute&URL=0300-0399/0379/Sections/0379.361.html
fwc-eo-26-33	state	rule	verbatim	FWC Executive Order 26-33	2026 Atlantic red snapper: Oct 9 to 22, 1 fish, no size limit, hook and line or spear	https://myfwc.com/media/bwgpfgkt/eo-26-33.pdf
fwc-eo-26-25	state	rule	verbatim	FWC Executive Order 26-25	2026 Gulf greater amberjack: state waters close Oct 14, 2026	https://myfwc.com/media/2bjjmtkx/eo-26-25.pdf
fwc-eo-26-10	state	rule	secondary	FWC Executive Order 26-10	2026 Atlantic gag: state waters closed from Aug 2, 2026	https://myfwc.com/media/drwfw33p/eo-26-10.pdf
fwc-eo-26-26	state	rule	secondary	FWC Executive Order 26-26	2026 Gulf gag: Sep 1 to 30, 2026 (not Monroe)	https://myfwc.com/media/jgxpqdpj/eo-26-26.pdf
fwc-eo-26-18	state	rule	secondary	FWC Executive Order 26-18	2026 Atlantic snowy grouper: closed from Jun 7, 2026	https://myfwc.com/media/veqfafve/eo-26-18.pdf
fwc-rs-gulf-2026	state	rule	secondary	Fla. Admin. Code r. 68B-14.0038(1) notice; FWC 2026 Gulf red snapper season	2026 Gulf red snapper season dates (private vessels, state and federal waters)	https://myfwc.com/fishing/saltwater/recreational/snappers/
cfr-622-181	federal	cfr	verbatim	50 C.F.R. § 622.181(b), (c)	South Atlantic EEZ: goliath, Nassau, speckled hind and warsaw prohibited; cubera and red snapper limits	https://www.ecfr.gov/current/title-50/section-622.181
cfr-622-183-b	federal	cfr	verbatim	50 C.F.R. § 622.183(b)	South Atlantic EEZ seasonal closures: shallow-water grouper, hogfish, red snapper, tilefish, snowy, red porgy, greater amberjack	https://www.ecfr.gov/current/title-50/section-622.183
cfr-622-185	federal	cfr	secondary	50 C.F.R. § 622.185	South Atlantic EEZ minimum sizes	https://www.ecfr.gov/current/title-50/section-622.185
cfr-622-187	federal	cfr	secondary	50 C.F.R. § 622.187(b)	South Atlantic EEZ bag limits	https://www.ecfr.gov/current/title-50/section-622.187
cfr-622-34-b	federal	cfr	verbatim	50 C.F.R. § 622.34(b) to (g)	Gulf EEZ seasonal closures: red snapper, greater amberjack, shallow-water grouper, gag, gray triggerfish	https://www.ecfr.gov/current/title-50/section-622.34
cfr-622-33	federal	cfr	verbatim	50 C.F.R. § 622.33(b)	Gulf EEZ: goliath grouper prohibited	https://www.ecfr.gov/current/title-50/section-622.33
cfr-622-37	federal	cfr	secondary	50 C.F.R. § 622.37	Gulf EEZ minimum sizes	https://www.ecfr.gov/current/title-50/section-622.37
cfr-622-38	federal	cfr	secondary	50 C.F.R. § 622.38(b)	Gulf EEZ bag limits	https://www.ecfr.gov/current/title-50/section-622.38
cfr-622-92	federal	cfr	verbatim	50 C.F.R. § 622.92(b)	Gulf EEZ: red drum prohibited	https://www.ecfr.gov/current/title-50/section-622.92
cfr-697-7-f	federal	cfr	verbatim	50 C.F.R. § 697.7(f)	Atlantic EEZ: red drum prohibited	https://www.ecfr.gov/current/title-50/section-697.7
cfr-622-375	federal	cfr	verbatim	50 C.F.R. § 622.375(a), (b)(3)	King and Spanish mackerel: federal gear list omits spears (Atlantic king and Spanish, Gulf king)	https://www.ecfr.gov/current/title-50/section-622.375
cfr-622-380	federal	cfr	verbatim	50 C.F.R. §§ 622.380, 622.382(a)	King mackerel, Spanish mackerel and cobia: federal sizes and bag limits	https://www.ecfr.gov/current/title-50/section-622.380
cfr-622-404	federal	cfr	verbatim	50 C.F.R. § 622.404(a)	Spiny lobster in the EEZ: no spear or hook	https://www.ecfr.gov/current/title-50/section-622.404
cfr-635-19	federal	cfr	verbatim	50 C.F.R. §§ 635.19(b)(2)(ii), 635.21(h)	Atlantic HMS: speargun gear limited to recreational BAYS tunas	https://www.ecfr.gov/current/title-50/section-635.19
cfr-622-182-smz	federal	cfr	secondary	50 C.F.R. § 622.182(a)(1)(xix), (xxi), (a)(2)	South Atlantic SMZs off Florida where spearfishing gear is prohibited	https://www.ecfr.gov/current/title-50/section-622.182
fr-91-60334	federal	cfr	verbatim	91 Fed. Reg. 60334 (23 Sep 2026)	2026 South Atlantic red snapper federal season: Oct 9 to 12	https://www.federalregister.gov/documents/2026/09/23/2026-19456/fisheries-of-the-south-atlantic-2026-south-atlantic-red-snapper-recreational-fishing-season
fr-91-21389	federal	cfr	verbatim	91 Fed. Reg. 21389 (22 Apr 2026)	2026 South Atlantic gag: closed from Aug 2, 2026	https://www.federalregister.gov/documents/2026/04/22/2026-07792/fisheries-of-the-south-atlantic-2026-recreational-accountability-measure-and-closure-for-gag-in-the
fr-91-29920	federal	cfr	verbatim	91 Fed. Reg. 29920 (21 May 2026)	2026 Gulf gag federal season: Sep 1 to Oct 1	https://www.federalregister.gov/documents/2026/05/21/2026-10200/fisheries-of-the-caribbean-gulf-of-america-and-south-atlantic-reef-fish-fishery-of-the-gulf-of
fr-91-32906	federal	cfr	verbatim	91 Fed. Reg. 32906 (2 Jun 2026)	2026 South Atlantic snowy grouper: closed from Jun 7, 2026	https://www.federalregister.gov/documents/2026/06/02/2026-11017/fisheries-of-the-south-atlantic-2026-recreational-accountability-measure-and-closure-for-snowy
fr-91-14651	federal	cfr	verbatim	91 Fed. Reg. 14651 (26 Mar 2026)	2026 South Atlantic golden tilefish: closed from Mar 27, 2026	https://www.federalregister.gov/documents/2026/03/26/2026-05873/snapper-grouper-fishery-of-the-south-atlantic-2026-recreational-season-announcement-and-closure-date
fr-91-36545	federal	cfr	secondary	91 Fed. Reg. 36545 (17 Jun 2026)	Gulf Other shallow-water grouper: closed Jan 1 to Jun 30 from 2027	https://www.fisheries.noaa.gov/bulletin/final-rule-framework-action-reduce-catch-limits-and-modify-recreational-fishing-season
noaa-fb26-029	federal	cfr	secondary	NOAA Fisheries Bulletin FB26-029 (1 Jun 2026)	2026 Gulf greater amberjack federal season: Sep 1 to Oct 14	https://www.fisheries.noaa.gov/bulletin/recreational-fishing-season-length-announcement-greater-amberjack-federal-waters-gulf
neg-species-gear	state	negative	secondary	Fla. Admin. Code chs. 68B-19, 68B-36, 68B-57, 68B-60, 68B-61, 68B-62, 68B-12 (NEGATIVE)	No spearing ban for cobia, black drum, wahoo, barracuda, blue runner, blackfin tuna or Gulf king mackerel in state rules	https://www.flrules.org/gateway/organization.asp?id=348
marathon-18-27	city	ordinance	verbatim	City of Marathon Code § 18-27	Marathon: no speargun use in any manmade canal	https://marathon.municipalcodeonline.com/book?type=ordinances#name=Sec_18-27_Spearguns
pbtown-74-161	city	ordinance	verbatim	Town of Palm Beach Code § 74-161(b), (c)	Town of Palm Beach: no spearfishing gear on five named public beaches	https://library.municode.com/fl/palm_beach/codes/code_of_ordinances?nodeId=PTIICOOR_CH74PARE_ARTIIBEAQAC_DIV2FI_S74-161POSPEQPUBE
pbtown-74-200	city	ordinance	verbatim	Town of Palm Beach Code § 74-200	Town of Palm Beach: diving off guarded beaches needs a buddy, cert card, BC and flag	https://library.municode.com/fl/palm_beach/codes/code_of_ordinances?nodeId=PTIICOOR_CH74PARE_ARTIIBEAQAC_DIV3REUSPUBE_S74-200SKSCDI
tampa-16-76	city	ordinance	verbatim	City of Tampa Code § 16-76	Tampa: no spear or harpoon in city marinas and mooring fields	https://library.municode.com/fl/tampa/codes/code_of_ordinances?nodeId=COOR_CH16PARE_ARTIVCIMAMOFIJUWA_S16-76USSPHA
tampa-16-41	city	ordinance	verbatim	City of Tampa Code § 16-41(a)	Tampa: no fishing, spear included, off Parks department land except where designated	https://library.municode.com/fl/tampa/codes/code_of_ordinances?nodeId=COOR_CH16PARE_ARTIIIFAAC_S16-41FICR
redshores-77-2	city	ordinance	verbatim	Town of Redington Shores Code § 77-2	Redington Shores: 200 ft speargun standoff from swimmers and from anglers on piers, docks, seawalls	https://library.municode.com/fl/redington_shores/codes/code_of_ordinances?nodeId=PTIIGELE_CH77FIFIAR_S77-2USSPGURE
naples-42-52	city	ordinance	verbatim	City of Naples Code § 42-52	Naples: no spearfishing or gigging within 100 ft of the city pier	https://library.municode.com/fl/naples/codes/code_of_ordinances?nodeId=PTIICOOR_CH42WA_ARTIIREAR_DIV2CIPI_S42-52SPGIFI
ormond-15-6	city	ordinance	verbatim	City of Ormond Beach Code § 15-6(c)(3), (g)	Ormond Beach: no spear guns in park waters; no skin or scuba diving in parks except designated areas	https://library.municode.com/fl/ormond_beach/codes/code_of_ordinances?nodeId=PTIICOOR_CH15PARE_ARTIOPPARECUARFA_S15-6REAC
volusia-82-51	county	ordinance	verbatim	Volusia County Code § 82-51	Volusia County conservation lands: no spear guns	https://library.municode.com/fl/volusia_county/codes/code_of_ordinances?nodeId=COORCOVOVOII_CH82PARE_ARTIIIRURECOLA_S82-51MEPR
wakulla-23-005	county	ordinance	verbatim	Wakulla County Code § 23.005(a)(5)	Wakulla County parks and facilities: no spear gun discharge	https://library.municode.com/fl/wakulla_county/codes/code_of_ordinances?nodeId=PTIICOOR_CH23PARE_S23.005PRACCOPACOFA
santarosa-14-52	county	ordinance	verbatim	Santa Rosa County Code § 14-52	Navarre Beach: spearfishing may be barred in posted bathing areas, 1 Mar to 31 Oct	https://library.municode.com/fl/santa_rosa_county/codes/code_of_ordinances?nodeId=COCO_CH14OFMIPR_ARTIIINABE_DIV1GE_S14-52FIPRCEAR
escambia-74-36-18	county	ordinance	verbatim	Escambia County Code § 74-36(18)	Escambia beaches: lifeguards may order spearfishers away from bathers	https://library.municode.com/fl/escambia_county/codes/code_of_ordinances?nodeId=PTICOOR_CH74PARE_ARTIIPAREARAC_S74-36RURE
